<?xml version="1.0" encoding="UTF-8"?>
<project-private xmlns="http://www.netbeans.org/ns/project-private/1">
    <editor-bookmarks xmlns="http://www.netbeans.org/ns/editor-bookmarks/2" lastBookmarkId="0"/>
    <open-files xmlns="http://www.netbeans.org/ns/projectui-open-files/2">
        <group>
            <file>file:/C:/xampp/htdocs/aku/akun/beranda.php</file>
            <file>file:/C:/xampp/htdocs/aku/investasi.php</file>
            <file>file:/C:/xampp/htdocs/aku/akun/Artikel.php</file>
            <file>file:/C:/xampp/htdocs/aku/Controller/ProdukController.js</file>
        </group>
    </open-files>
</project-private>
